{
"num_hands": 150,
"sims_per_hand": 350,
"streets": [
"Pre-Flop (best keep)",
"Flop discard (best keep)",
"Flop",
"Turn",
"River"
],
"data": {
"Pre-Flop (best keep)": [
57.42857142857143,
49.142857142857146,
66.28571428571428,
70.0,
62.857142857142854,
68.0,
73.14285714285714,
65.42857142857143,
73.71428571428571,
45.42857142857143,
48.57142857142857,
74.28571428571429,
48.857142857142854,
66.0,
60.857142857142854,
59.14285714285714,
50.0,
58.57142857142858,
75.14285714285714,
54.85714285714286,
64.0,
55.42857142857143,
54.85714285714286,
70.85714285714285,
64.28571428571429,
54.57142857142857,
59.14285714285714,
53.42857142857142,
46.85714285714286,
63.42857142857142,
61.71428571428571,
64.0,
65.42857142857143,
61.71428571428571,
66.85714285714286,
61.71428571428571,
43.714285714285715,
59.42857142857143,
55.42857142857143,
53.714285714285715,
66.57142857142857,
72.28571428571429,
44.0,
69.42857142857143,
64.28571428571429,
59.71428571428572,
74.0,
71.14285714285714,
66.0,
80.57142857142857,
85.14285714285714,
63.714285714285715,
82.57142857142857,
49.714285714285715,
71.14285714285714,
64.28571428571429,
63.142857142857146,
81.42857142857143,
58.857142857142854,
61.71428571428571,
58.285714285714285,
57.99999999999999,
55.42857142857143,
47.714285714285715,
50.28571428571429,
64.85714285714286,
61.42857142857143,
74.85714285714286,
62.28571428571429,
53.42857142857142,
68.28571428571428,
54.85714285714286,
62.857142857142854,
63.142857142857146,
60.285714285714285,
51.42857142857142,
47.714285714285715,
52.28571428571429,
67.42857142857143,
71.71428571428572,
65.71428571428571,
68.28571428571428,
53.42857142857142,
52.85714285714286,
39.42857142857143,
64.28571428571429,
64.57142857142857,
53.714285714285715,
47.42857142857143,
73.14285714285714,
63.42857142857142,
64.85714285714286,
61.42857142857143,
45.14285714285714,
66.28571428571428,
56.285714285714285,
80.85714285714286,
48.857142857142854,
64.57142857142857,
56.85714285714286,
54.0,
45.42857142857143,
50.57142857142857,
66.0,
72.28571428571429,
59.42857142857143,
72.28571428571429,
73.14285714285714,
52.28571428571429,
52.57142857142857,
54.0,
61.142857142857146,
64.0,
72.28571428571429,
55.14285714285714,
68.0,
60.0,
63.142857142857146,
65.71428571428571,
49.142857142857146,
77.14285714285715,
57.42857142857143,
52.0,
59.42857142857143,
57.714285714285715,
60.285714285714285,
66.28571428571428,
57.42857142857143,
64.28571428571429,
59.14285714285714,
66.85714285714286,
65.71428571428571,
62.857142857142854,
58.857142857142854,
62.57142857142857,
46.85714285714286,
63.714285714285715,
59.14285714285714,
61.71428571428571,
57.42857142857143,
54.0,
51.714285714285715,
69.42857142857143,
68.85714285714286,
62.857142857142854,
56.85714285714286,
67.42857142857143,
64.85714285714286,
57.42857142857143,
52.28571428571429
],
"Flop discard (best keep)": [
88.28571428571429,
64.57142857142857,
71.42857142857143,
94.28571428571428,
56.285714285714285,
78.85714285714286,
91.14285714285715,
73.71428571428571,
84.28571428571429,
74.57142857142857,
72.28571428571429,
60.0,
79.42857142857143,
93.42857142857143,
57.99999999999999,
76.57142857142857,
81.42857142857143,
34.0,
71.71428571428572,
70.85714285714285,
67.42857142857143,
62.28571428571429,
51.142857142857146,
78.85714285714286,
81.14285714285714,
80.28571428571428,
46.85714285714286,
57.99999999999999,
47.42857142857143,
98.57142857142858,
60.0,
75.42857142857143,
84.28571428571429,
77.14285714285715,
80.28571428571428,
74.0,
83.14285714285714,
57.42857142857143,
49.714285714285715,
33.714285714285715,
70.85714285714285,
80.85714285714286,
36.57142857142857,
69.14285714285714,
46.57142857142857,
83.71428571428572,
82.85714285714286,
47.42857142857143,
75.14285714285714,
76.57142857142857,
98.28571428571429,
55.714285714285715,
86.28571428571429,
46.85714285714286,
71.14285714285714,
63.142857142857146,
68.85714285714286,
72.85714285714285,
66.28571428571428,
72.28571428571429,
98.85714285714286,
60.285714285714285,
58.57142857142858,
42.285714285714285,
77.14285714285715,
79.71428571428572,
75.14285714285714,
95.42857142857143,
83.14285714285714,
52.85714285714286,
75.71428571428571,
74.85714285714286,
62.28571428571429,
62.0,
84.0,
55.714285714285715,
56.285714285714285,
71.14285714285714,
72.85714285714285,
57.42857142857143,
58.857142857142854,
73.71428571428571,
38.857142857142854,
77.14285714285715,
54.85714285714286,
73.71428571428571,
54.285714285714285,
68.0,
59.42857142857143,
75.14285714285714,
86.0,
64.57142857142857,
80.28571428571428,
40.57142857142857,
68.0,
68.57142857142857,
94.85714285714286,
76.28571428571429,
64.57142857142857,
42.285714285714285,
55.714285714285715,
55.14285714285714,
79.42857142857143,
69.42857142857143,
78.28571428571428,
91.14285714285715,
80.0,
90.28571428571428,
64.28571428571429,
67.42857142857143,
58.857142857142854,
58.285714285714285,
94.28571428571428,
57.14285714285714,
65.14285714285715,
54.285714285714285,
77.42857142857143,
57.714285714285715,
63.42857142857142,
48.285714285714285,
86.85714285714286,
52.0,
59.42857142857143,
86.85714285714286,
73.42857142857143,
50.0,
68.57142857142857,
95.71428571428572,
77.14285714285715,
74.0,
67.42857142857143,
47.714285714285715,
51.142857142857146,
67.14285714285714,
88.28571428571429,
78.0,
71.14285714285714,
80.28571428571428,
73.14285714285714,
58.57142857142858,
90.0,
64.28571428571429,
90.85714285714286,
78.57142857142857,
70.85714285714285,
52.28571428571429,
99.14285714285714,
70.85714285714285,
45.14285714285714,
67.14285714285714
],